Scientific name,Common Name,Type of migration,Distribution in Indian Sub-Continent,World Distribution
Falco amurensis,Amur Falcon,widespread winter migrant,"C & E Himalayas, S Assam hills (E Meghalaya, Cachar, Manipur), Peninsula, Maldives, Sri Lanka","SE Asia, Bhutan, NE Asia, SE Africa"
Gavia arctica,Arctic Loon,vagrant,"Ambala, N Haryana","Palearctic, W N America"
Sterna paradisaea,Arctic Tern,vagrant,Kashmir,"N Holarctic, S Holarctic, Antarctic"
Phylloscopus borealis,Arctic Warbler,vagrant,Andamans (Little & South),"N Palearctic, Alaska, SE Asia, NW Australia"
Pericrocotus divaricatus,Ashy Minivet,vagrant,"C Peninsula,W Khandesh, Bombay, C & SE Bangladesh, Andamans","SE Asia, NE Asia"
Muscicapa dauurica,Asian Brown Flycatcher,local resident & widespread winter visitor,"Himalayas, N Pakistan (Murree hills), Nepal, Bhutan, C India, E Ghats, W Ghats, Peninsula, Sri Lanka, Andamans, Nicobar, Meghalaya, NE Bangladesh, Ladakh, NE Asia","Indonesia, Philippines"
Limnodromus semipalmatus,Asian Dowitcher,sparse winter visitor,"Ecoast India,Sri Lanka, SW Bengal (Calcutta), Bangladesh, Assam (Dibrugarh), Meghalaya (shillong-Baker)","C & E Asia, Australia"
Aythya baeri,Baer's Pochard,sparse winter visitor,"SE Nepal, Assam (hills & valley), NE Bangladesh, N Pakistan, Chilka Lake (Orissa)","SE Asia, NE Asia"
Anas formosa,Baikal Teal,vagrant,"Bihar, W Bengal, E Assam, sind, Panjab, Pakistan,NW India, NE Bangladesh, NE Afghanistan","N, C & S Asia"
Porzana pusilla,Baillon's Crake,"common winter visitor, some resident","EC Afghanistan(Shibar Kotal), Gilgit, Kashmir, SE & NW Afghanistan, Baluchistan, sind, C & S Bangladesh, Andamans,W Assam, SW Bengal, Sri Lanka, C,SW & NW India (Simla, Etawah, Deesa, Bihar, Kerala)","C & S Asia, Europe, Africa, Australia, Philippines"
Pterodroma baraui,Barau's Petrel,sparse summer visitor,"SW Indian Ocean, N Indian Ocean",Pelagic
Falco pelegrinoides,Barbary Falcon,sparse winter visitor,"Afghanistan, Baluchistan, Pakistan, W india, Gujarat,Delhi, Gangetic plain, N Madhya Pradesh","C Nepal, N Africa, WC Asia"
Anser indicus,Bar-headed Goose,widespread winter visitor & local resident,"Wakhan (NE Afghanistan), Ladakh, Indus Valley (Pakistan), N Plains, Assam valley, S Assam hills, Bangladesh, NE Peninsula, N Pakistan, Kashmir, Nepal, Bhutan","C Asia, Myanmar"
Hirundo rustica,Barn Swallow,widespread resident & winter visitor,"Afghanistan (Kandahar), Baluchistan hills, Himalayas, Chitral (Pakistan), Arunachal, S Assam hills, Bangladesh, Maldives, Sri Lanka, Lakshadweep, Andamans, Nicobar, Assam valley, calcutta, Manipur",Almost cosmopolitan
Sylvia nisoria,Barred Warbler,vagrant,"NE & NC Afghanistan, Gilgit, NW Himalayas, Ladakh","W & C Palearctic, Africa"
Limosa lapponica,Bar-tailed Godwit,widespread winter visitor,"Pakistan, W India, Bangladesh, Maldives, Sri Lanka, Lakshadweep, Nicobar, Indus Valley (Pakistan), NE Afghanistan","N Palearctic, Paleotropics"
Anser fabalis,Bean Goose,vagrant,"Nepal, Panjab, Assam,SE Bangladesh","N Palearctic, S Palearctic"
Melanocorypha bimaculata,Bimaculated Lark,sparse winter visitor,"Pakistan, W India, Delhi, N Maharashtra, SE & NE Afghanistan,N Afghanistan (Hindu Kush),Gilgit, Chitral",C & Middle E Asia
Anous minutus,Black Noddy,vagrant,"Lakshadweep, Nicobar, Minicoy, Mouth of Ganges, Sri Lanka","Pelagic, Pantropical oceans"
Phoenicurus ochruros,Black Redstart,local resident & widespread winter visitor,"N,C & S Afghanistan, Baluchistan, W & N Pakistan, Sikkim, Himalayas, S Assam hills , Sri Lanka","Palearctic, NE Africa, Myanmar"
Ciconia nigra,Black Stork,widespread winter visitor,"N Afghanistan, Pakistan, NW india,Assam valley, Gujarat, Delhi, C & S Bangladesh(Jamuna & Padma rivers), Sri Lanka","N & S Africa, E Asia"
Chlidonias niger,Black Tern,vagrant,"W & Peninsular India, Sri Lanka","W Palearctic, N America, W Coast of Africa, N Neotropics"
Pterocles orientalis,Black-bellied Sandgrouse,widespread winter visitor & resident,"Afghanistan, Baluchistan, Pakistan, NW india (Rajasthan, Gujarat), Karnataka, Nepal","SW Palearctic, C Asia"
Fregetta tropica,Black-bellied Storm-Petrel,vagrant,"W regional waters, Bay of Bengal",Subantartic & Antartic
Sterna acuticauda,Black-bellied Tern,widespread resident,"Indus Valley, NWFP (Pakistan), Gangetic Plains, Assam valley, Bangladesh, Rivers of C India, E Peninsula, SW Afghanistan",SE Asia
Turdus dissimilis,Black-breasted Thrush,sparse winter visitor,"S Assam hills (SE Arunachal to Manipur), E Bangladesh (Tippera hills)","S China, N & SE Asia"
Acrocephalus bistrigiceps,Black-browed Reed-Warbler,sparse winter visitor,"N Subcontinent, Kashir to NE India, Bangladesh, Andamans, Chulta Bheel, Phalel, Manipur, Ladakh","NE Asia, SE Asia to W Indonesia"
Milvus lineatus,Black-eared Kite,widespread winter visitor,"NW Himalayas, Kashmir, Sikkim,Plains of Pakistan, S Assam hills (E Meghalaya, Cachar, Manipur), EC Afghanistan","Tibet, NE Asia, SE Asia"
Emberiza spodocephala,Black-faced Bunting,sparse winter visitor,"Assam valley, S Assam hills,NE & EC Bangladesh, Terai, Duars, C Nepal",E Asia
Elseyornis melanops,Black-fronted Dotterel,vagrant,Pulicat Lake (Madras),"New Zealand, Australia"
Emberiza melanocephala,Black-headed Bunting,widespread winter visitor,"W India, E Nepal, Baluchistan, Pakistan, Iran, SE Sri Lanka","W Asia,E Europe"
Grus nigricollis,Black-necked Crane,"winter visitor, breeds in Ladakh","Ladakh, Kashmir, Sikkim, Bhutan, Nepal, W Bengal, Arunachal, Tibet","China, SE Asia"
Podiceps nigricollis,Black-necked Grebe,sparse winter visitor,"Iran, NE & SE Afghanistan, Baluchistan,Saline Lakes of Indus Valley (Pakistan), C Nepal, Gujarat,W Gangetic plain, E Assam valley, NE Bangladesh","Coastal Orissa, Pune, Holarctic, Africa"
Limosa limosa,Black-tailed Godwit,widespread winter visitor,"NW Afghanistan, Sind (Pakistan),Gangetic plain, Bihar, SE & C Nepal, Orissa, Manipur, NW Peninsula, Sri Lanka, E Afghanistan, Baluchistan, Lakshadweep, Maldives","W & C Palearctic, Africa, S Asia"
Prunella atrogularis,Black-throated Accentor,sparse winter visitor,"Afghanistan, Baluchistan, W Himalayas, N Pakistan, Nepal","S Tibet, W & C Asia"
Himantopus himantopus,Black-winged Stilt,local resident & widespread winter visitor,"N & SE Afghanistan, N Pakistan, Kashmir, SE & N Baluchistan, Sind & C Indus Valley (Pakistan), Bombay, Delhi, Andhra, Sri Lanka, E Afghanistan, Baluchistan, Lakshadweep, Maldives, Ladakh, Nepal, Himalayas",
Monticola solitarius,Blue Rock-Thrush,local resident & widespread winter visitor,"Afghanistan, Baluchistan, Himalayas, Nepal, Sri Lanka, S Andamans, Car Nicobar, Hill ranges of Subcontinent","Palearctic, Paleotropics"
Anthus godlewskii,Blyth's Pipit,widespread winter visitor,"C & E Himalayas, Indian Peninsula, Sri Lanka, Nepal, Assam","S Siberia to China, SE Asia"
Acrocephalus dumetorum,Blyth's Reed-Warbler,widespread winter visitor,"S & N India, Bangladesh, Nepal, Sri Lanka, Pakistan, W,N & E Afghanistan","W & C Palearctic, Iran, Myanmar"
Bombycilla garrulus,Bohemian Waxwing,vagrant,"Hills of Baluchistan, Karachi, Himalayas of Afghanistan-Pakistan, himalayas (india), Nepal",Holarctic
Hieraaetus pennatus,Booted Eagle,widespread winter visitor & local resident,"N,E Afghanistan, W,N Pakistan,Kashmir, Ladakh, C Nepal, Himalayas, Sind (Pakistan), W Assam, Peninsula, Sri Lanka, Bangladesh, S Andaman","S & C Palearctic, S Africa, S Asia"
Hippolais caligata,Booted Warbler,widespread winter visitor,"Peninsula, SE & W Bengal, Sri Lanka, N Afghanistan, Bangladesh, Ganges delta",W & C Palearctic
Aegolius funereus,Boreal Owl,vagrant,"N Himachal, N Pakistan",Holarctic
Fringilla montifringilla,Brambling,sparse winter visitor,"Afghanistan, N Baluchistan, Pakistan, NWFP, Himalayas, Nepal, Bhutan",N & S Palearctic
Limicola falcinellus,Broad-billed Sandpiper,sparse winter visitor,"Coasts from Baluchistan to Sri Lanka, Bangladesh, S Andamans, Nicobar, E Pakistan, Bihar","N Palearctic, Paleotropics"
Phylloscopus subviridis,Brooks's Leaf-Warbler,widespread winter visitor,"NE Afghanistan,Himalayas, chitral, Gilgit, Indus Valley, hills of N Pakistan, Rajasthan, Etawah, Himachal",C Asia
Sula leucogaster,Brown Booby,vagrant,"Lakshadweep, Maldives, Sri Lanka, Indian ocean",Islands of Tropical seas
Lanius cristatus,Brown Shrike,widespread winter visitor,"Himachal, Rajasthan, E Gujarat, Lakshadweep, Maldives, Sri Lanka, Andamans,Narcondam,N & C Nicobars, SL & SE coast of India","C & E Palearctic, E China, Indonesia"
Catharacta lonnbergi,Brown Skua,vagrant,"Sri Lanka, W India coast (Ratnagiri, S Maharastra, Udipi, Karnataka, Trivendrum), Lakshadweep, Maldives","Subantartic, Antartic, S oceans"
Rhinomyias brunneata (R.nicobaricus ),Brown-chested Jungle-Flycatcher (Nicobar Jungle-Flycatcher),Vagrant,"S Nicobars (Great & Little), Andamans, islands of Nicobars",Malaysia
Larus brunnicephalus,Brown-headed Gull,widespread winter visitor & resident,"Ladakh, saline lakes ( Panjab salt range, NWFP;NW Pakistan, Sambhar Lake;Rajasthan, salt Lakes near Calcutta), coast from Sri Lanka to Baluchistan, Gangetic plains, Bangladesh, Himalayas, W India, Maldives","C Asia, ME to SE Asia"
Anthus rubescens,Buff-bellied Pipit (American Pipit),sparse winter visitor,"Plains of N Subcontinent ( NE Afghanistan, N Pakistan, NE India), NC Pakistan","E Palearctic, N North America, ME & S China, S N America"
Bulweria bulwerii,Bulwer's Petrel,vagrant,"Maldives, SW Sri Lanka, Lakshadweep",Tropical seas
Lanius collurioides,Burmese Shrike,sparse passage migrant,"S Assam hills ( Manipur & Lushai hills), SE Bangladesh ( Chittagong), Cachar","S China, SE Asia"
Larus cachinnans,Caspian Gull,sparse winter visitor,Posible winterer to North West,SW Asia
Charadrius asiaticus,Caspian Plover,vagrant,"W & SE coast of India, Maldives, Sri Lanka (lowlands)","SW & C Asia, Africa"
Sterna caspia,Caspian Tern,widespread winter visitor,"SW & E Afghanistan, W coast from Baluchistan to Gujarat, N & SE coast of Sri Lanka, Gangetic plain, Ganges delta, Nepal, Maldives, N Baluchistan, Indus Valley, NW India",Nearly Worldwide
Bubulcus ibis,Cattle Egret,widespread resident,"Seychelles, Chagos","SW Palearctic, E Iran, Africa"
Cettia cetti,Cetti's Warbler,sparse winter visitor,"NW & S Afghanistan, Pakistan, NW india (Rajasthan, Panjab)",W Palearctic
Fringilla coelebs,Chaffinch,sparse winter visitor,"NW Afghanistan, Baluchistan, Pakistan, Himalayas, Bhutan",W Palearctic
Emberiza rutila,Chestnut Bunting,sparse winter visitor,"S Assam hills ( Manipur & Lushai hills), Ladakh, Chitral, Sikkim, Nepal, Bengal duars,NE Arunachal, Andamans","NE Asia, SE Asia"
Emberiza fucata,Chestnut-eared Bunting,local resident & winter visitor,"W Himalayas to N Pakistan to W Nepal, Assam valley to Manipur valley, Terai, Bangladesh, SW Bengal",C & E Asia
Emberiza fucata,Chestnut-eared Bunting,local resident & winter visitor,"W Himalayas to N Pakistan to W Nepal, Assam valley to Manipur valley, Terai, Bangladesh, SW Bengal",C & E Asia
Accipiter soloensis,Chinese Goshawk,vagrant,"Nicobar, Andaman","E Asia, Indonesia, Philippines"
Fregata andrewsi,Christmas Frigatebird,vagrant,"Sri Lanka, Andaman, Christmas Island, E Indian ocean",Kenya
Aegypius monachus,Cinereous Vulture,widespread winter visitor & local resident,"Afghanistan, Baluchistan, Pakistan, NWFP, NW India to Bhutan, SW Kashmir, Cachar, C Bangladesh",C& S Palearctic
Motacilla citreola,Citrine Wagtail,local resident & widespread winter visitor,"Afghanistan, Baluchistan, Himalayas, Chitral (NW Pakistan), Himachal, Indus Valley (Pakistan), S Peninsula, SE Sri Lanka","Palearctic, C Asia, ME to S China, SE asia"
Glareola pratincola,Collared Pratincole,sparse winter visitor,"N & SE Afghanistan, S Sind, Indus Valley (Pakistan), Panjab (India), Panjab (Pakistan), Gujarat, W coast of India, S Sri Lanka, Allahabad, Sind","Africa, S Palearctic to C Asia"
Sarkidiornis melanotos,Comb Duck,Native (Local Migrant),"Lahor, SE Sind (Pakistan), N Plains to Assam valley, S Peninsula, N Kerala, Sri Lanka",Africa to SE Asia
Larus ridibundus,Common Black-headed Gull,widespread winter visitor,"N, W & E Afghanistan, N Baluchistan, Baluchistan & Sind coast, Indus Valley (Pakistan), NW & C india, Rajasthan, Gangetic plains to Assam, Cachar, Gujarat , W Indian coast, Maldives, Sri Lanka","N & C Eurasia , Paleotropics"
Buteo buteo,Common Buzzard,widespread winter visitor & local resident,"W,N & S Pakistan,Kashmir, Uttar Pradesh, SW Ghats, Sri Lanka, Maldives","Palearctic, Africa, S Asia"
Fulica atra,Common Coot,local resident & widespread winter visitor,"S Afghanistan, Baluchistan, Sind, Kashmir, Gujarat, Peninsula, Kerala, Sri Lanka , Himalayas, Indus Valley (Pakistan), Nepal , Maldives, S Assam hills","Palearctic, Africa, Indonesia, Australia, Philippines"
Grus grus,Common Crane,common winter visitor,"NW india (Rajasthan, Gujarat), Kashmir, Gangetic plain, Assam valley, W & E Afghanistan, C Nepal, Indus river, Mekran coast(Pakistan)","N Palearctic, Africa, SE China"
Bucephala clangula,Common Goldeneye,sparse winter visitor,"E & W Afghanistan, N Baluchistan, N Panjab, Gangetic plain to Assam valley, Manipur, NE Bangladesh, Nepal Himalayas","N, C & S Holarctic"
Tringa nebularia,Common Greenshank,widespread winter visitor,"S Afghanistan, Baluchistan, Indus Valley (Pakistan), Himalayas to Assam valley, Manipur, Bangladesh, Peninsula, Maldives, Sri Lanka, Lakshadweep, Chagos, Andamans (Middle & South)","Palearctic, Africa to Australia"
Falco tinnunculus,Common Kestrel,widespread winter visitor & resident,"NW & E Afghanistan, Baluchistan, Himalayas (Chitral Himachal, Kashmir), Bhutan, W Ghats & hills of Sri Lanka , Lakshadweep, Maldives, S Assam hills","Palearctic, Africa, W Indonesia, Philippines"
Mergus merganser,Common Merganser,widespread winter visitor & local resident,"Wakhan (NE Afghanistan), Ladakh to Lahul (N Himachal), Indus Valley (Pakistan), Himalayan foothills, Assam valley, NW Himalayas","Holarctic, Tibet, S Holarctic, SE Asia"
Luscinia megarhynchos,Common Nightingale,vagrant,"N & C Afghanistan, Quetta (Pakistan), Baluchistan, Uttaranchal","W & C Palearctic, Africa"
Aythya ferina,Common Pochard,widespread winter visitor,"NE Afghanistan (Kabul), SW Afghanistan (Seistan), SE Afghanistan (Kandahar), Baluchistan, Indus Valley, N Plains to Assam valley, Peninsula, Ladakh, Nepal, Bhutan","Palearctic, C Africa, SE & E Asia"
Coturnix coturnix,Common Quail,widespread resident & winter visitor,"N & C Afghanistan, Baluchistan, Sind, Kashmir, Bhutan,Pakistan, Panjab (Pakistan), NW India, C India (Bheraghat), S Gujarat, Gangetic plains, S Bombay, C Bangladesh, Cachar, S Maharastra","W & C Palearctic, SE Asia, Africa"
Tringa totanus,Common Redshank,widespread winter visitor & resident,"E Afghanistan (Dasht-e-Narwar, Wakhan), Himalayas (Astor valley, Baltistan, Ladakh, Rupshu) N Sikkim, Maldives, Lakshadweep, S Andamans, Nicobars","Palearctic, Africa to Indonesia, Philippines"
Charadrius hiaticula,Common Ringed Plover,vagrant,"Sind, Pakistan coast, Maldives, SE India, Sri Lanka, SW & NE Afghanistan, E Pakistan, NW India","N Eurasia, NE N America, Africa, Middle East"
Carpodacus erythrinus,Common Rosefinch,local resident & widespread winter visitor,"S Afghanistan, E Baluchistan to Kashmir, Himalayas, Pune (N Maharashtra), Nagpur (E Madhya Pradesh), Assam, Ladakh, Arunachal, S India, Sri Lanka, S Assam hills, C & S Bangladesh, Nepal","Palearctic, SE Asia"
Tringa hypoleucos,Common Sandpiper,widespread winter visitor & resident,"NE & C Afghanistan, Baluchistan,Lahul (N Himachal), Indus Valley, Mekran coast(Pakistan), Himalayas to Assam valley, S Assam hills ( Manipur & Lushai hills), Bangladesh, Peninsula to Sri Lanka, Maldives, Lakshadweep, Chagos, Andamans (South & surroundi","Palearctic, Africa to Australia"
Tadorna tadorna,Common Shelduck,Native (Local Migrant),"E Afghanistan (Lake Ab-i-Estada), Baluchistan, Seistan, Sind, N Afghanistan, E Panjab (Pakistan), N plains to Assam valley, Chilka Lake (Orissa), N Maharastra, Indus Valley (Pakistan)","C Palearctic, N Africa, SE Asia"
Gallinago gallinago,Common Snipe,widespread winter visitor & local resident,"Badakhshan, Afghanistan, Kashmir, Himalayas to Assam valley, S Assam hills (E Meghalaya, Cachar, Manipur), NE Bangladesh, SW Bengal, Orissa, Gangetic plains, C India, Peninsula,Sri Lanka, Maldives, Andamans (South), N Baluchistan, NW Himalayas, Nepal, B","Palearctic, Africa to Indonesia, Philippines"
Sturnus vulgaris,Common Starling,widespread winter visitor & migrant,"Indus Valley, Pakistan, Afghanistan, Kashmir, Panjab, Peninsula, Maldives, NW, S & E Subcontinent",Palearctic
Anas crecca,Common Teal,widespread winter visitor,"Afghanistan, Himalayas, Assam valley, Seistan, Bhutan, Kashmir, Sri Lanka, Maldives, Lakshadweep, Andamans","Holarctic, Tropic"
Sterna hirundo,Common Tern,widespread winter visitor & resident,"N, W & EC Afghanistan, Ladakh, E sri Lanka, Adam's bridge, Pakistan coast, Bangladesh coast, Nepal, Bhutan, Chagos, N Baluchistan, islets of Jaffna Peninsula & Sri Lanka",Holarctic
Columba palumbus,Common Wood-Pigeon,sparse winter visitor,"mountains of Afghanistan, W & N Pakistan (Baluchistan, Salt range, NWFP), Himalayas of Kashmir, W Bengal",W Palearctic to C Asia
Nettapus coromandelianus,Cotton Pygmy-Goose,widespread resident,"NE Afghanistan (Kabul), NW Pakistan, W Kashmir, Sind, Gujarat,Delhi, Assam valley, Peninsula, Maldives, Sri Lanka, Andamans","E Asia, Australia"
Dromas ardeola,Crab Plover,sparse winter visitor,"Pakistan to Gulf of Kutch, Bangladesh coast,Sri Lanka, Andamans, Nicobars, Maldives, Chagos",coasts of W Indian ocean to SE Asia
Cursorius cursor,Cream-colored Courser,local resident & sparse winter visitor,"EC Afghanistan(Mukur), NW Afghanistan, S Sind, Thar desert, Pakistan, NW India, S Kashmir, Haryana, Kathiawar (S Gujarat), NW Afghanistan",N Africa to SW Asia
Rhodopechys sanguinea,Crimson-winged Finch,vagrant,"NW to NE Afghanistan, Chitral (Pakistan), Ladakh",N Africa to C Asia
Pterocles coronatus,Crowned Sandgrouse,Vagrant,"S Afghanistan, Pakistan (Baluchistan to Sind, NWFP), W Indus river","N Africa, Middle East"
Calidris ferruginea,Curlew Sandpiper,widespread winter visitor,"Pakistan(Lasbela, Sind), SE & NW India, Sri Lanka, Maldives, Chagos, Bangladesh, S Andamans, Car NIcobars, E Afghanistan, Indus Valley, Mekran coast(Pakistan), gangetic plains, W & NE coast of India, Khushdil Khan Lake (Baluchistan)","N Asia, Africa to Australia"
Pelecanus crispus,Dalmatian Pelican,sparse winter visitor,"Iranian Seistan, Baluchistan, Sind coasts & deltas (S Pakistan), Kutch & Kathiawar (S Gujarat), Rajasthan, W to C Gangetic plains,NW Afghanistan (Kabul), NW Pakistan, Indus Valley (Pakistan), Assam, Sri Lanka",S & C Eurasia
Turdus ruficollis,Dark-throated Thrush,widespread winter visitor,"N & S Afghanistan, N & S Baluchistan, Himalayas of N Pakistan to Arunachal, S Assam hills ( Meghalaya, Cachar), S Pakistan, C Bangladesh, N plains, N to NC India","C Russia, Middle East, N Myanmar"
Phoenicurus auroreus,Daurian Redstart,local resident & winter visitor,"NW Bengal to E Himalayas, Assam valley, S Assam hills (Nagaland & Manipur), E Bangladesh, N Arunachal","SE Tibet to NE China, S China, Japan"
Grus virgo,Demoiselle Crane,Native (Local Migrant),"NW & NC Afghanistan to Nepal, Gujarat to Haryana, N plains to Bihar, Bangladesh, Assam, Bhutan, S Subcontinent","C Palearctic, Africa to S Asia, Myanmar"
Sylvia nana,Desert Warbler,sparse winter visitor,"plain of Pakistan, deserts of NW India (Haryana, Rajasthan, Kutch), W & C Afghanistan, S Baluchistan","W Palearctic, NE Africa, Middle East"
Oenanthe deserti,Desert Wheatear,local resident & widespread winter visitor,"Afghanistan, W Pakistan, Himalayas of Kashmir to C Nepal, NW india (Rajasthan, Gujarat), Kerala, Sri Lanka, Assam, Bangladesh","N Africa, Middle East, C Asia to W China"
Calidris alpina,Dunlin,sparse winter visitor,"NE, NW & SW Afghanistan (Kabul, Seistan), Indus Valley, Mekran coast(Pakistan), Gangetic plain (Indian Panjab to Bihar), Gujarat, Bombay, Sri Lanka, Maldives, E Ladakh, S & NE Peninsula, NW coast of India","N Holarctic, S Northern Hemisphere"
Turdus naumanni,Dusky Thrush,sparse winter visitor,"Himalayas of N Pakistan to NE India, Khasi hills (E Meghalaya), SE Bangladesh","C &E Palearctic, SE Asia"
Phylloscopus fuscatus,Dusky Warbler,widespread winter visitor,"sub-Himalayan plains from Utter Pradesh to Assam, NE India, Bangladesh, S & M Andamans, Narcondam, N Pakistan, Sri Lanka, Kashmir, Meghalaya, E Nepal (Terai to Duars)","SE Tibet to NE Asia, S China, SE Asia"
Phylloscopus coronatus,Eastern Crowned-Warbler,vagrant,"Sikkim, Assam, S Assam hills","NE Asia, SE Asia to W Indonesia"
Circus spilonotus,Eastern Marsh Harrier,sparse winter visitor,NE India,"NE Asia, SE Asia to New Guinea"
Numenius arquata,Eurasian Curlew,widespread winter visitor,"Maldives, Lakshadweep, Chagos, Andamans, Nicobars, Indus river (Pakistan), Ganges river (N India), Nepal, SW Afghanistan (seistan), E Afghanistan, Baluchistan, Indus Valley, Chitral to Ladakh, Bhutan, Assam valley, Manipur valley, Tapi river, Maha","N & C Palearctic, Africa, Indonesia, Philippines"
Pluvialis apricaria,Eurasian Golden-Plover,vagrant,"Pakistan coast, kutch, Indian Panjab, Lucknow, Assam (Dibrugarh)","NW & NC Palearctic, N Africa, W Middle East"
Falco subbuteo,Eurasian Hobby,widespread winter visitor & local resident,"N Afghanistan, WHimalayas from Chitral to Kashmir, Nepal, Bhutan, NW & CW Peninsula, C India,Terai, Duars, S Bangladesh, Cachar, Manipur, Maldives","Africa, SE Asia, W Indonesia"
Upupa epops,Eurasian Hoopoe,widespread resident & winter visitor,"Afghanistan, W Pakistan, W Himalayas, Kashmir, Bhutan, Indus Valley (Pakistan), Gangetic plain to Assam valley, Peninsula, Maldives, Sri Lanka, Lakshadweep, S Andamans","Palearctic, Tibet, SE Asia"
Caprimulgus europaeus,Eurasian Nightjar,sparse summer visitor,"N & E Afghanistan, W & N Pakistan (Baluchistan, SC Pakistan, NWFP), Gilgit, Baltistan, Panjab & Indus plains, W India (Kutch, Jodhpur), Bombay, Garhwal, uttaranchal","Eurasia, Africa"
Haematopus ostralegus,Eurasian Oystercatcher,widespread winter visitor,"SW Afghanistan (Seistan), Pakistan coast W & E India, Bangladesh, Sri Lanka, Kashmir, C Nepal, Baluchistan, Maldives, Sunderbans (Khulna)","Palearctic, C Africa, SE Asia"
Otus scops,Eurasian Scops-Owl,winter visitor,"E Afghanistan (Badakhshan to Kandahar), N & W Pakistan,Baltistan, S Pakishan (sind, mekran coast), W India, Maharashtra (Bombay, Pune), W Uttar Pradesh, NC Nepal","S & W Palearctic, C Afica"
Carduelis spinus,Eurasian Siskin,vagrant,"NE Afghanistan (Kabul), Himalayas of Himachal, C Nepal","W Palearctic, E Asia"
Alauda arvensis,Eurasian Skylark,sparse winter visitor,"Afghanistan, Pakistan, Kashmir, Ladakh, W Gangetic plains",W Palearctic
Accipiter nisus,Eurasian Sparrowhawk,widespread winter visitor & resident,"Baluchistan, Himalayas to Arunachal, N Afghanistan, Gilgit (Pakistan), N & SE Peninsula, S Assam hills, W & E Ghats, S Andaman","Palearctic, Africa to SE Asia"
Platalea leucorodia,Eurasian Spoonbill,widespread winter visitor & resident,"S Sind (Pakistan), N India to Assam, S India, Sri Lanka, Mekran coast, Indus valley, NW & E Afghanistan, N Pakistan","Eurasia, Africa"
Anas penelope,Eurasian Wigeon,widespread winter visitor,"Afghanistan, Pakistan, N plain to Assam valley, Peninsula to Sri Lanka","N Eurasia, Paleotropics"
Scolopax rusticola,Eurasian Woodcock,widespread winter visitor & resident,"N & E Afghanistan, Baluchistan, NWFP, Himalayas of N Pakistan to Arunachal, Himalayas, S Assam hills ( Meghalaya, Lushai hills), W & E Ghats, Karnataka, S India, Sri Lanka, C & NE Bangladesh","Palearctic, N Africa to Indonesia"
Jynx torquilla,Eurasian Wryneck,local resident & widespread winter visitor,"NE Afghanistan (Badakhshan), Kashmir, Himalayas of Chitral & Gilgit, W & S Pakistan, Himalayas from Pakistan to Assam valley, S Assam hills ( Meghalaya, Lushai hills), NE & C Bangladesh, W Himalayas","Palearctic, Africa to SE Asia"
Coracias garrulus,European Roller,local resident & sparse winter visitor,"Afghanistan, NWFP, Himalayas of N Pakistan, Kashmir, Pakistan, NW India, Gujarat, Panjab, C & W Peninsula, Andhra Pradesh","W & C Palearctic, Africa"
Phoenicurus erythronota,Eversmann's Redstart,sparse winter visitor,"S NW & NE Afghanistan, Pakistan (N Baluchistan to NWFP), Himalayas of N India to WC Nepal, W Afghanistan to Ladakh","W & C Asia, Middle East"
Turdus obscurus,Eyebrowed Thrush,sparse winter visitor,"Bhutan to Arunachal, S Assam hills, Lushai hills, S Andamans, Narcondam, NE & SE Bangladesh, Himalayas, C Nepal, S Peninsula, Sri Lanka, Maldives","C & E Palearctic, W Indonesia"
Anas falcata,Falcated Duck,sparse winter visitor,"NW Afghanistan, Indus Valley (Pakistan), W Gujarat, N plains to Assam valley, S Assam hills, Bangladesh, S & W Bengal","NE Asia, E Asia"
Aythya nyroca,Ferruginous Pochard,widespread winter visitor & local resident,"SW Afghanistan (Seistan), NW & E Afghanistan, N Baluchistan, Kashmir valley, Peninsula, Sri Lanka, Maldives","Palearctic, C Africa, SE Asia"
Turdus pilaris,Fieldfare,vagrant,"N India, Saharanpur (Utter Pradesh), Simla, Kashmir","W & C Palearctic, NW Iran"
Luscinia pectardens,Firethroat,vagrant,"Meghalaya (Garo Hills), NE Arunachal, NE Bangladesh","SE Tibet, W China, N Myanmar"
Puffinus carneipes,Flesh-footed Shearwater,sparse summer visitor,"Lakshdweep, W Sri Laka, St paul 1(S Indian ocean), Indian ocean","Australasia, Pacific ocean"
Dendronanthus indicus,Forest Wagtail,local resident & widespread winter visitor,"W Ghats, Sri Lanka, Andamans, Narcondam, SE Pakistan, Surat Dangs, NE Subcontinent, S Assam hills, Bangladesh, NE India","NE Asia, W Indonesia, Philippines"
Anas strepera,Gadwall,widespread winter visitor,"NW & SW Afghanistan (Seistan), N Subcontinent, Sri Lanka","Holarctic, SE Asia, C Africa"
Sylvia borin,Garden Warbler,vagrant,Ladakh,"W Palearctic, tropical Asia"
Anas querquedula,Garganey,widespread winter visitor,"S Sind (Pakistan), SC Nepal, Assam valley, Peninsula to Sri Lanka, Maldives, Afghanistan, Indus Valley, NW India to Nepal, Lakshadweep","Eurasia, C Africa to SE Asia"
Plegadis falcinellus,Glossy Ibis,widespread winter visitor & resident,"N plains, S India, Sri Lanka","CE & SE Hemisphere, E & N America"
Emberiza godlewskii,Godlewski's Bunting,local resident & sparse winter visitor,"Himalayas of N Arunachal, E Bhutan, Tibet, Sikkim, Tibetan Arun Valley, Nepal to Bhutan",C & E Asia
Ardea goliath,Goliath Heron,vagrant & resident,"Pakistan, C India, Culcutta, Assam, Sunderbans, SE & Bangladesh, Sri Lanka","Afica, Middle East"
Locustella naevia,Grasshopper Warbler,sparse winter visitor,"W Ghats, C India, Sri Lanka, NW, C & NE Affghanistan, Pakistan, India, NE Bangladesh","W & C Palearctic, N Africa"
Botaurus stellaris,Great Bittern,widespread winter visitor,"N & SW Afghanistan, N Baluchistan, N Subcontinent, Peninsular India, Sri Lanka","C Palearctic, S Africa, SE Asia"
Larus ichthyaetus,Great Black-headed Gull,widespread winter visitor,"coasts from Baluchistan to Sri Lanka, Bangladesh, Gangetic plains, Assam valley, Cachar, C India, NE & SW Afghanistan (Wakhan, Seistan), Ladakh, Nepal to Arunachal, Maldives","W & C Asia, E Africa to E Asia"
Otis tarda,Great Bustard,vagrant,"NW Afghanistan, Baluchistan, NW Pakistan",C Palearctic
Phalacrocorax carbo,Great Cormorant,widespread winter visitor & resident,"SW Afghanistan (Seistan), N Afghanistan (Badakhshan), Sind, Saurashtra (Gujarat), Gangetic plains, Indian Panjab to Assam valley, C India, E Peninsula, S India, Sri Lanka, NE Afghanistan (Kabul, Jalalabad), Baluchistan coast to Indus valley, S Nepal, Bang","E Hemisphere, NW Atlantic coast"
Podiceps cristatus,Great Crested Grebe,local resident & sparse winter visitor,"Iranian Seistan, Khushdil Khan Lake (Baluchistan), Kashmir (Wular Lake), Ladakh, W Gangetic Plain (Doab, Avadh, Fategarh), Kutch & Kathiawar (SW Gujarat), NW India, Gangetic plains to Assam valley,NW Afghanistan (Kabul), NW Pakistan, Baluchistan, Indus Va",E Hemisphere
Casmerodius albus,Great Egret,Widespread resident & sparse winter visitor,"NE & W Afghanistan, N & S Indus valley, Mekran coast (Pakistan), Himalayas to Assam valley, Sri Lanka, Baluchistan, Maldives, S Andaman",cosmopolitan
Fregata minor,Great Frigatebird,vagrant,"Maldives, Chagos, S & W coast of Sri Lanka, all Indian coast, Lakshadweep",all Tropical seas
Calidris tenuirostris,Great Knot,sparse winter visitor,"Coasts from Pakistan to Sri Lanka, Bangladesh, S Andamans, Lakshadweep, NE India, Nasirabad","NE Asia, Australia"
Acrocephalus arundinaceus,Great Reed-Warbler,sparse winter visitor,"NW Afghanistan, N Baluchistan, Pakistan, Ladakh, Iran","C Asia, W Palearctic, Africa"
Gallinago media,Great Snipe,vagrant,"S India, Sri Lanka","N Palearctic, Africa"
Pelecanus onocrotalus,Great White Pelican,widespread winter visitor & local resident,"Kutch, Sind, Gujarat to W Gangetic Plains, Gangetic Plains to Assam valley, NE & EC Bangladesh, E Afghanistan (Kabul & Kandahar), NW Pakistan, Indus valley, Peninsular coast, Maldives","S & C Eurasia, Africa"
Ardea sumatrana,Great-billed Heron,local resident & winter visitor,"Nicobars (Trinkut, Katchall, Great Nicobar, coast of SE Asia to Australia",
Phoenicopterus ruber,Greater Flamingo,widespread winter visitor & local resident,"E Afghanistan (Dasht-e-Narwar, Lake Ab-i-Estada), S Gujarat (Great Runn of Kutch), Mekran coast, Indus valley, Gangetic plains, Peninsula, Sri Lanka","SW Palearctic, C Asia, Afica"
Charadrius leschenaultii,Greater Sand Plover,widespread winter visitor,"NW & EC Afghanistan, Ladakh, Rupshu, Mekran coast to Sri Lanka, Bangladesh, Lakshadweep, Maldives, Andaman (Little & South), C & S Nicobars, NW India, Nepal, Chagos","Middle East to EC Asia, Africa to Austalasia"
Aythya marila,Greater Scaup,sparse winter visitor,"NE Afghanistan (Lake Kargah), N Pakistan, N plains to E Nepal, NE Bangladesh, Cachar",Holarctic
Calandrella brachydactyla,Greater Short-toed Lark,widespread winter visitor,"Afghanistan, Ladakh, N Pakistan, W Himalayas, NW India, South India to Bombay, East India to Delhi, Peninsula","S Europe, N Afica, NC Asia"
Aquila clanga,Greater Spotted Eagle,widespread winter visitor & resident,"NE Afghanistan, Sind, Indus valley, N plains to W Assam, C Bangladesh, C India, C & S Peninsula","C to E Palearctic, Africa to SE Asia"
Anser albifrons,Greater White-fronted Goose,sparse winter visitor,"N plains, Indus valley to E Uttar Pradesh, E India to Assam valley, Manipur, Chilka Lake, Afghanistan, Bangladesh","N & S Holarctic, W & E Myanmar"
Sylvia communis,Greater Whitethroat,sparse passage migrant,"N Afghanistan, Pakistan, NW india, Baluchistan, Ladakh","W & C Palearctic, Africa"
Tringa ochropus,Green Sandpiper,widespread winter visitor,"SE Afghanistan, Baluchistan, Indus valley (Pakistan), Himalayas to Arunachal, S Assam hills (E Meghalaya, Cachar, Manipur, Lushai hills), C & NE Bangladesh, Peninsula to Sri Lanka, S Andamans, Lakshadweep","Palearctic, Africa to Indonesia, Philippines"
Phylloscopus trochiloides,Greenish Warbler,local resident & widespread winter visitor,"N Afghanistan, Himalayas of N Pakistan to Arunachal, Cachar, Terai, NW Peninsula, Sri Lanka, W Meghalaya (Garo hills), W assam valley, C Bangladesh (Dhaka), himalayas of nepal, Duars, Calcutta, NE Ghats, S Assam hills, Himalayas, Andamans","W & C Palearctic, NW Mongolia, SE Tibet, W China, N & SE Asia"
Ardea cinerea,Grey Heron,widespread winter visitor & resident,"NW & SW Afghanistan, Sind, NW & NE India, Kashmir, S Peninsula, Sri Lanka, NE & S Afghanistan to S Assam hills, Maldives, Lakshadweep, Andamans, Nicobars, Chagos","Eurasia, Africa"
Hypocolius ampelinus,Grey Hypocolius,sparse winter visitor,"Afghanistan, Seistan, Baluchistan, Sind, Kutch (Gujarat), S India to Bombay","Middle east, NE Africa"
Pluvialis squatarola,Grey Plover,widespread winter visitor,"Maldives, Lakshadweep, Chagos, S Andamans, NIcobars, E Afghanistan","N holarctic, S Asia, S Africa, South of S america"
Motacilla cinerea,Grey Wagtail,local resident & widespread winter visitor,"S, C & NE Afghanistan, Baluchistan, Himalayas of Chitral to Bhutan, Sri Lanka, S Andaman, Narcondam, Nicobars, Bangladesh, Lakhadweep","Palearctic, Paleotropic"
Lanius tephronotus,Grey-backed Shrike,local resident & widespread winter visitor,"Himalayas, Ladakh to Arunachal, Terai, Daurs, S Assam hills (Khasi hills & Manipur), Calcutta, Bangladesh","China, Tibet, SE Asia"
Vanellus cinereus,Grey-headed Lapwing,widespread winter visitor,"Eastern plains, C Nepal, Bihar, Assam, S Assam hills (Cachar, Manipur), NW & C Bangladesh, SW Bengal (Calcutta), Orissa, Delhi, Bharatpur, Kashmir, N & S Gujarat, S Peninsula, SE Sri Lanka, S Andamans, Himalayan foothills","NE Asia, SE Asia"
Anser anser,Greylag Goose,widespread winter visitor,"Kandahar (SE Afghanistan), Baluchistan, N Gujarat, Panjab, Gangetic plains to Assam valley, Chilka Lake (Orissa), Sri Lanka, NW Himalayas, Indus valley","C Palearctic, SC Palearctic"
Emberiza buchanani,Grey-necked Bunting,sparse winter visitor,"hills of N to E Afghanistan, Baluchistan, W India, SC Peninsula, Hyderabad, S Plains, Pakistan",W & C Asia
Turdus feae,Grey-sided Thrush,sparse winter visitor,"S Assam hills (Khasi hills, N Cachar, S Nagaland, Manipur), NE India, NE W-Bengal","NE China, SE Asia"
Sterna nilotica,Gull-billed Tern,widespread winter visitor & local resident,"NW, SW & E Afghanistan (Turkestan, Seistan, Lake Ab-i-Estada), N Baluchistan, Lasbela (Pakistan), NE Indus valley, S W-Bengal, Chilka Lake (Orissa), Sri Lanka, Maldives, Andamans, N Panjab Salt range (Pakistan), Sambhar Lake (Rajasthan), gangetic plains,",Tropical Zones
Coccothraustes coccothraustes,Hawfinch,sparse winter visitor,"WC Afghanistan (Obeh), N Baluchistan, Himalayas of N Pakistan to Kashmir",Palearctic
Phoenicurus hodgsoni,Hodgson's Redstart,sparse winter visitor,"Himalayas of W Nepal to NE Arunachal, S Assam hills (Khasi hills, Nagaland, Manipur), Uttaranchal","E Tibet, China, N Myanmar"
Grus monacha,Hooded Crane,vagrant,"NE India, Manipur, Cachar, Assam, NE Yamuna","NE Asia, EC Asia"
Podiceps auritus,Horned Grebe,vagrant,"NW Iranian Seistan, SE & N Baluchistan, N Indus valley (Pakistan), Uttaranchal",Holarctic
Chlamydotis undulata,Houbara Bustard,winter visitor,"E, W & S Afghanistan, SW Pakistan (Mekran coast to WC Baluchistan), W, S & E Pakistan, NW Kathiawar Peninsula (Gujarat) to W Rajasthan, NE India to Delhi, N Kerala",N Africa to C Asia
Calandrella acutirostris,Hume's Lark,local resident & widespread winter visitor,"hills of E, W & C Afghanistan, Baluchistan, Himalayas from NW Pakistan to Bhutan, Gangetic plains from NW India to W Assam, Madhya Pradesh, S Bangladesh","C Asia, Tibet"
Sylvia althaea,Hume's Whitethroat,resident and winter visitor,"Afghanistan, Baluchistan, Himalayas from Chitral to Ladakh, Murree hills, Garhwal, W Ghats, E Ghats, Sri Lanka","SW W-Palearctic, S Iran"
Ibidorhyncha struthersii,Ibisbill,Native (Local Migrant),"Gilgit, N Kashmir, Himalayas to W Arunachal, Nepal hills, NE Afghanistan",C & E Asia
Aquila heliaca,Imperial Eagle,widespread winter visitor,"E Afghanistan, N plains, Montane valleys, Indus valley, Mekran coast, Bhutan, W bengal, Bangladesh","C & NE palearctic, E Africa, E Asia"
Ardeola grayii,Indian Pond-Heron,widespread resident,"Indus valley to Assam valley, S Assam hills, Peninsula to Sri Lanka, Maldives, Lakshadweep, Andamans, C NIcobars, Myanmar","S Thailand, Middle East"
Rynchops albicollis,Indian Skimmer,widespread resident,"N Pakistan (NWFP, N Indus valley), S Sind, NW I ndia, Rajasthan to Madhya Pradesh, W Bihar, SE Madhya Pradesh, EC Andhra Pradesh, N Maharashtra (Dhule), SW Gujarat, N West coast, coastal & inland Bangladesh, S Nepal to W Assam",SE Asia
Phylloscopus inornatus,Inornate Warbler,local resident & widespread winter visitor,"Himalayan footlines of C Nepal to Arunachal, S Assam hills (Meghalaya, South to Lushai Hills), Bangladesh (Chittagongs, Ganges delta), Narcondam, S Andaman, E Ghats of Andhra Pradesh, W Khandesh, NE India","C & E palearctic, S China, SE Asia"
Oenanthe isabellina,Isabelline Wheatear,widespread winter visitor,"Afghanistan, W Pakistan (N Baluchistan, S NWFP), NW India (gujarat, Rajasthan), Nepal, S India to Bombay, Maldives, Bhutan, Arunachal, Sri Lanka","E Europe to Mongolia, NE Africa, Middle East"
Lymnocryptes minimus,Jack Snipe,sparse winter visitor,"plains of N Afghanistan, E Afghanistan, N Baluchistan, Indus valley, Gangetic plains to Assam valley, S Assam hills (E Meghalaya, Cachar, Manipur), NE & C Bangladesh, Peninsula, Sri Lanka, Kashmir, Nepal, S Andamans","Palearctic, C Africa, SE Asia"
Coturnix japonica,Japanese Quail,sparse winter visitor,"Bhutan (Gamrichhu, Bumthang), Bihar, Assam (Dibrugarh), Manipur valley",NE Asia
Bulweria fallax,Jouanin's Petrel,sparse summer visitor,"W coast of India, N Indian ocean, Socotra",Arabian sea to Indonesia
Bulweria fallax,Jouanin's Petrel,sparse summer visitor,"W coast of India, N Indian ocean, Socotra",Arabian sea to Indonesia
Charadrius alexandrinus,Kentish Plover,widespread winter visitor & resident,"SW & E Afghanistan ( Seistan, Lake Ab-i-Estada, Kabul), N Baluchistan, Mekran & Sind coast to Gujarat, C Indus valley, E Pakistan, Bihar, Panjab,S India, Sri Lanka, N Indus Valley to W Assam valley, NW India, Maldives, Lakshadweep, Andamans, Nicobars","S palearctic, Africa to Indonesia, Philippines"
Locustella lanceolata,Lanceolated Warbler,sparse winter visitor,"Andamans, NIcobars, NE Bangladesh, Uttar Pradesh, Nepal (Terai), Sri Lanka","Palearctic, S China to W Indonesia"
Locustella lanceolata,Lanceolated Warbler,sparse winter visitor,"Andamans, NIcobars, NE Bangladesh, Uttar Pradesh, Nepal (Terai), Sri Lanka","Palearctic, S China to W Indonesia"
Acrocephalus orinus,Large-billed Reed-warbler,Vagrant,"Himachal, (near Rampur, Sutlej valley)",
Phoenicopterus minor,Lesser Flamingo,"common winter visitor, some resident","S Gujarat (Great Runn of Kutch), Rajasthan (Sambhar Lake)","Africa, Arabian Peninsula"
Fregata ariel,Lesser Frigatebird,vagrant,"Maldives, Chagos, S & W coast of Sri Lanka, W coast of India (Bombay, Quilon, Trivandrum), Madras",all Tropical seas
Lanius minor,Lesser Grey Shrike,vagrant,"W to NE Afghanistan, SW & SE Afghanistan, Baluchistan","Europe to C Asia, Sub-Saharan Africa"
Falco naumanni,Lesser Kestrel,widespread winter migrant,"NE Afghanistan (Badakhshan), N Afghanistan, Delhi, S Assam Hills, Darjeeling, Nepal, Maldives, sri Lanka (Yala), Orissa","S palearctic, Africa"
Anser erythropus,Lesser White-fronted Goose,vagrant,"N Pakistan, Haryana, C Uttar Pradesh, NE Bihar, Sind, Kashmir, Assam, W Bengal, Bangladesh, Pune (NW Maharashtra), Iranian Seistan, E Myanmar","N palearctic, S palearctic"
Sylvia curruca,Lesser Whitethroat,widespread winter visitor,"Afghanistan, N Subcontinent, W Bengal, Nepal, NE Bangladesh, Peninsula, Sri Lanka","W palearctic, NE Africa"
Emberiza pusilla,Little Bunting,sparse winter visitor,"E India, C Nepal to NE Arunachal, Assam valley, S Assam hills (Meghalaya, Nagaland to Lushai hills), NE Bangladesh (Sylhet), W Himalayas, N Kashmir to W Nepal, S Andaman, SW Bangladesh","N Eurasia, SE Asia"
Tetrax tetrax,Little Bustard,vagrant,"NW & SE Afghanistan, Mekran coast (Pakistan), N Pakistan, Gilgit, Kashmir, Saharunpur (Uttar Pradesh)",SW to SC palearctic
Porzana parva,Little Crake,vagrant,"E Afghanistan (Kandahar), Baluchistan (Quetta), Sind, Upper Indus valley, Bombay, Karnataka","W & C palearctic, C Africa, Middle East"
Larus minutus,Little Gull,vagrant,"Ladakh (Pituk), N India (Kutch, Bhavnager, Gujarat)","N & C Palearctic, Africa, E Asia"
Charadrius dubius,Little Ringed Plover,widespread winter visitor & resident,"S Sind, Panjab, S Kashmir, S Jammu, Himalayas to Assam valley, S Assam hills ( Manipur Valley, Cacher), Bangladesh, Peninsula to Sri Lanka, N & C Afghanistan, SW Afghanistan (Chitral, Gilgit), N Baluchistan, Calcutta, Maldives, Andamans, Ganges valley,","palearctic, C Africa to Indonesia, Philippines"
Calidris minuta,Little Stint,widespread winter visitor,"S & E Afghanistan, coasts from Baluchistan to Sri Lanka, East coast of India, Maldives, Lakshadweep, Gangetic plains, Indus valley, India, Nepal, Assam","N palearctic, Africa to Myanmar"
Sterna albifrons,Little Tern,widespread resident,"N & W Afghanistan, Inus valley, Uttan Washi (Bombay), Gangetic plains, C India, Sri Lanka, Chagos, E Afghanistan, W coasts from Baluchistan to Bombay, Maldives, Lakshadweep, East coast of India, S Andaman",Tropical
Charadrius placidus,Long-billed Plover,sparse winter visitor,"Nepal, N Uttar Pradesh to Assam valley, Manipur, Bangladesh, Delhi to Sri Lanka, Andamans","NE Asia to SW China, SE Tibet, N SE Asia"
Asio otus,Long-eared Owl,local resident & winter visitor,"NW & SW Afghanistan, Pakistan (Baluchistan, Chitral), Kashmir, NW India, W Uttaranchal, Delhi, Nepal, Bhutan","S Tibet, N Myanmar"
Buteo rufinus,Long-legged Buzzard,widespread winter visitor & local resident,"N & C Afghanistan, Kashmir, Pakistan, SW Afghanistan, NW & C India, Bhutan, N & C Bangladesh, Sri Lanka, W & N Subcontinent","SW & SC palearctic, Africa"
Clangula hyemalis,Long-tailed Duck,vagrant,N Subcontinent,"N Holarctic, S Holarctic"
Calidris subminuta,Long-toed Stint,sparse winter visitor,"Maldives, Sri Lanka, SE India, S W Bengal, SE Bangladesh, S Andamans, C Nepal, Gujarat, Gangetic plains, Assam valley, S India","N Asia, Australia"
Anas  platyrhynchos,Mallard,widespread winter visitor & local resident,"Afghanistan, Himalayas, N Subcontinent","Holarctic, N Africa, C & SE Asia"
Cettia canturians,Manchurian Bush-Warbler,vagrant,"W Bengal (Duars), Cachar, Khasi hills","N & E China, S China to Philippines"
Aix galericulata,Mandarin Duck,vagrant,"NE India, Assam valley, E Nepal, NE Bangladesh, Manipur","E Asia, UK"
Marmaronetta angustirostris,Marbled Teal,sparse winter visitor,"NW & SW Afghanistan, N Baluchistan, S Sind, Baluchistan coast to Indus valley, NW India to C Uttar Pradesh, Maharashtra, Bihar, S W Bengal, Assam valley, N & C plains","S palearctic, C Africa"
Tringa stagnatilis,Marsh Sandpiper,widespread winter visitor,"NWFP, Indus valley (Pakistan), Gangetic plains, Delhi to Assam valley, Manipur valley, C & NE Bangladesh, Peninsula, Sri Lanka, Maldives","C palearctic, Africa to Australia"
Sula dactylatra,Masked Booby,vagrant,"islets of Chagos, Maldives, Lakshadweep, Mekran coast to Sri Lanka, Nasik (NW Maharashtra)",all tropical seas
Anthus pratensis,Meadow Pipit,vagrant,"NE Afghanistan (Kabul), NWFP, NW Pakistan, Kashmir, Sind, Gujarat,Delhi, Assam valley, Bharatpur, Firozpur, Hisar, Garhwal","W Palearctic, N Africa, W Asia"
Falco columbarius,Merlin,widespread winter migrant,"Afghanistan, NW India to Delhi","N Holarctic, N tropics"
Larus canus,Mew Gull,vagrant,"NE Afghanistan (Kabul), NE Pakistan, Iranian Seistan","Holarctic, N tropics"
Rhodopechys mongolica,Mongolian Finch,sparse winter visitor,"mountains of Afghanistan, Himalayas from Chitral to Ladakh, Baluchistan, NW Nepal",C Asia
Charadrius mongolus,Mongolian Plover,widespread winter visitor,"NE Afghanistan (Pamirs), Baltistan, Ladakh, Lahul (Nhimachal), N Sikkim, coasts from Mekran to Sri Lanka, Bangladesh, Maldives, Lakshadweep, S Andamans, Nicobars","C & NE Asia, Africa to Australasia"
Circus pygargus,Montagu's Harrier,widespread winter visitor,"Sind (Pakistan) to W & N Peninsula, Sri Lanka, C & E Nepal, Maldives, N & E Afghanistan, Indus valley, N plains of India, Bangladesh, Lakshadweep, Andamans","W & C Palearctic, Africa"
Phylloscopus sindianus,Mountain Chiffchaff,sparse winter visitor,"Himalayas from Chitral (NW Pakistan), Gilgit, Hunza, Baltistan, Ladakh, Rupshu,Zaskar, to Lahul (N Himachal), Kashmir valley, Sind, Haryana, Uttar Pradesh, Madhya Pradesh (Bheraghat), Seistan, Iran-Afghan border (helmand river), Ghorbad","W & C Asia, W Tibet"
Acrocephalus melanopogon,Moustached Warbler,local resident & winter visitor,"SE Afghanistan, Indus valley (Pakistan), NW India to Delhi, Oudh, Sehore (Madhya Pradesh, W & N Afghanistan, Baltistan",Palearctic
Cygnus olor,Mute Swan,vagrant,NW India,"C Asia, SW Asia"
Accipiter gentilis,Northern Goshawk,local resident & sparse winter visitor,"Himalayas from Simla to Bhutan, Sind, Bangladesh","Holarctic, SE Tibet, N Myanmar"
Circus cyaneus,Northern Harrier,widespread winter visitor,"Afghanistan, W, N & S Pakistan, Himalayas to Assam valley, S Assam hills ( E Meghalaya, Cacher), S Gangetic plains","N & S palearctic, SE Asia"
Delichon urbicum,Northern House-Martin,local resident & widespread winter visitor,"Mountains of Afghanistan, Karakorums of Baltistan & Hunza,Himalayas in Ladakh, Spiti (NW Himachal), W Subcontinent (W Nepal), W Ghats, Maldives, Lakshadweep","Palearctic to SW Tibet, N China, Africa, SE Asia"
Vanellus vanellus,Northern Lapwing,widespread winter visitor,"Afghanistan, Pakistan (N Baluchistan, Indus valley, Chitral), Kashmir, N plains to Assam valley, NE Bangladesh, S Gujarat (Kathiyawar), N Bhutan","Palearctic, N Africa to SE Asia"
Anas acuta,Northern Pintail,vagrant,"SW & E Afghanistan, N Baluchistan, Indus valley, Sub-Himalayan region to Sri Lanka, Maldeves","Holarctic, N & S America, Cafrica, SE Asia, Philippines"
Anas clypeata,Northern Shoveler,widespread winter visitor,"NE Afghanistan (Kabul), E Afghanistan, SW Afghanistan (Seistan), N plains to Assam valley, Peninsula to Sri Lanka, Maldives, Himalayas","Holarctic, tropics"
Lanius excubitor,Northern Shrike,widespread resident,"W & N Pakistan, Kashmir",holarctic
Oenanthe oenanthe,Northern Wheatear,vagrant,"NW, C & NE Afghanistan, Chitral, W & N Pakistan, Maldives","Palearctic, Greenland to W Alaska, Sub-Saharan Africa"
Hippolais pallida,Olivaceous Warbler,Vagrant,"NW Afghanistan, Rajasthan (Bharatpur), Iranian Baluchistan","W Palearctic, Sub-Saharan Africa"
Anthus hodgsoni,Olive-backed Pipit,widespread resident & winter visitor,"Himalayas of Himachal to Arunachal, Rawal Lake (Pakistan), lower Himalayas to Adjacect plains, S Assam hills, Peninsula, Afghanistan, NW India, N Sri Lanka","C Palearctic, SE Asia, Philippines"
Falco severus,Oriental Hobby,widespread resident,"Himalayas from W Uttaranchal to Arunachal, S Assam hills (Cachar, Nagaland to Lushai hills), S W-Ghats, Sri Lanka, Murree hills, Pakistan, Kashmir","Philippines, SW Pacific"
Pernis ptilorhyncus,Oriental Honey-buzzard,widespread winter visitor & resident,"Indus valley to Assam valley, S Assam hills (E Meghalaya, N Cachar, S Nagaland, Manipur), Peninsula to Sri Lanka, Andamans, Ladakh, Himalayas of Nepal, Mhow & Bhundara (Madhya Pradesh), Nander ( N Andhra Pradesh), Patna (Bihar), Mangpu (W Bengal), Chardua","NE Asia, Indonesia, Philippines"
Charadrius veredus,Oriental Plover,vagrant,"S Sri Lanka, S Andamans","NE Asia, Australia"
Ciconia boyciana,Oriental Stork,vagrant,"NE India, Manipur","NE Asia, E Asia"
Streptopelia orientalis,Oriental Turtle-Dove,widespread resident & winter visitor,"C to E Afghanistan, Himalayas of N Pakistan to C Nepal to Arunachal, S Assam hills (Meghalaya, South to Lushai Hills), NE Bangladesh (Sylhet), C India, W & NE Ghats, Peninsula to Sri lanka, Maldives, Lakshadweep","C Asia, Tibet to NE Asia, SE Asia"
Emberiza hortulana,Ortolan Bunting,vagrant,"NW Afghanistan (Tirphul), N Pakistan, Baluchistan, NW india from Kashmir to Gujarat, Afghanistan","W Eurasia, Middle East, Africa"
Pandion haliaetus,Osprey,widespread winter visitor & local resident,"NE Afghanistan (Nuristan), E Gilgit to Assam valley, S Assam hills, Bangladesh, Peninsula to Sri lanka, Maldives, Lakshadweep, Andamans, Nicobars, W Himalayas","Holarctic, Australasia, S Hemisphere"
Pluvialis fulva,Pacific Golden-Plover,widespread winter visitor,"Pakistan to Bangladesh, Maldives, Lakshadweep, Sri Lanka, S Andamans, Car & C Nicobars, Chagos, S Afghanistan, N Subcontinent, Peninsula","N Asia, Alaska, E Africa to W USA"
Acrocephalus agricola,Paddyfield Warbler,widespread winter visitor,"Terai, duars, N plains, C india, W Ghats, NE Bangladesh, E Afghanistan (Logar), Pakistan, N Baluchistan, Afghanistan","C Palearctic, NW China, SW Asia to North SE Asia"
Mycteria leucocephala,Painted Stork,widespread resident,"S Sind, Gangetic plains, Gujarat to Panjab, NE & S Peninsula, Sri Lanka, C Bangladesh",E Asia
Ptyonoprogne obsoleta,Pale Crag-Martin,Native (Local Migrant),"S Afghanistan, S Waziristan, N Baluchistan, Sind, Kutch (Gujarat)",N Africa to W Asia
Columba eversmanni,Pale-backed Pigeon,sparse winter visitor,"N & W Afghanistan, Pakistan, Gangetic plains to Bihar",W Asia to C Asia
Phylloscopus tenellipes,Pale-legged Leaf-Warbler,vagrant,"Narcondam (Andamans), Great Nicobar","E Palearctic, SE Asia"
Syrrhaptes paradoxus,Pallas's Sandgrouse,vagrant,W Rajasthan,W Asia to E China
Locustella certhiola,Pallas's Warbler,sparse winter visitor,"NE Subcontinent ( C Nepal to Calcutta, Bangladesh, W Assam valley, Meghalaya), Sri Lanka, S Andamans, Afghanistan","C & E Palearctic, S China to W Indonesia"
Circus macrourus,Pallid Harrier,widespread winter visitor,"S to E Afghanistan, sub-Himalayan region, Sri lanka, Maldives, S Andaman, Afghanistan, NW Himalayas, Lakshadweep","E Europe to C Asia, Africa to SE Asia"
Otus brucei,Pallid Scops-Owl,vagrant,"NE Afghanistan (Wakhan), W & N Pakistan (Baluchistan, Gilgit, W Sind), plains of Pakistan, W Maharashtra, Ambala (N Haryana), Delhi",Arabian Peninsula to WC Asia
Stercorarius parasiticus,Parasitic Jaeger,sparse winter visitor,"Pakistan coast, Mekran","N Holarctic, all South oceans coast"
Falco peregrinus,Peregrine Falcon,widespread winter visitor & resident,"Himalayas from W Himachal to Bhutan, S Assam hills (E Meghalaya), forested hills of C India, E Ghats, W Ghats, Sri Lanka, Gangetic plains, Nicobar, NW Afghanistan, Indus valley, N plains to Assam, S Assam hills (Cachar, Nagaland, Manipur), C Bangladesh, P","E China,SE Asia"
Puffinus persicus,Persian Shearwater,sparse summer visitor,"Mekran & Karachi coast, Bombay",islands of Arabian Peninsula
Recurvirostra avosetta,Pied Avocet,widespread winter visitor & local resident,"EC Afghanistan (Lake Ab-i-Estada), Sind (Pakistan), Kutch (S Gujarat), Afghanistan, N India, W coast of India, Sri Lanka, Assam & Bangladesh coast, Kashmir, Nepal, Baluchistan, Lakshadweep","Palearctic, Africa, SE Asia"
Circus melanoleucos,Pied Harrier,widespread winter visitor & local resident,"plains of Uttar Pradesh to Assam valley, S Assam hills (Cachar, Meghalaya, Manipur), Bangladesh, NE Peninsula, N Pakistan, S India, Sri Lanka, W & NE India, NE Asia, N Myanmar","Indonesia, Philippines"
Emberiza leucocephalos,Pine Bunting,sparse winter visitor,"S to E Afghanistan, Himalayan foothills of N Pakistan to E Nepal, NE Arunachal","E palearctic, Iran, China"
Gallinago stenura,Pintail Snipe,widespread winter visitor,"Peninsula from S Bobmbay, to EC India, S Nepal to Arunachal, Assam valley, S Assam hills (Lushai hills), Bangladesh, Maldives, S Andamans, Pakistan (S Sind), Kashmir to Himachal, NIcobars, Peninsula, Sri Lanka, NE India","N Asia, Indonesia, Philippines"
Pterocles alchata,Pin-tailed Sandgrouse,vagrant,"W Afghanistan, SW Baluchistan, W Pakistan, NW India (Haryana to Gujarat), SW palearctic to W Asia",
Phylloscopus neglectus,Plain Leaf-Warbler,sparse winter visitor,"Afghanistan, Baluchistan, Kashmir, Indus valley, Sind, S & C Panjab (Pakistan)",SW & C Asia
Montifringilla blanfordi,Plain-backed Snowfinch,sparse winter visitor,"E Ladakh,N Nepal, Sikkim, Himalayas of Uttaranchal & Bhutan","Tibet, China"
Stercorarius pomarinus,Pomarine Jaeger,sparse winter visitor,"S & W coast of India, Pakistan coast, Sri Lanka","N Holarctic, S oceans"
Ardea purpurea,Purple Heron,widespread winter visitor & resident,"Seistan, Indus valley, NW India, NE & S Peninsula, Sri Lanka, Andamans, C Nicobars, N Andhra Pradesh, C Bangladesh, Maldives, Lakshadweep","S & C Eurasia, Africa"
Sturnus sturninus,Purple-backed Starling,vagrant,"N Pakistan, Nicobars (Camorta, Car Nicobar), Sri Lanka, Nepal, S India, Andamans","NE Asia, SE Asia"
Phylloscopus schwarzi,Radde's Warbler,vagrant,"India (Rajasthan), Nepal, Bangladesh","E Palearctic, S China, SE Asia"
Milvus milvus,Red Kite,vagrant,"Nepal, semi-deserts in India, Uttaranchal (Kumaon)",SW Palearctic
Calidris canutus,Red Knot,vagrant,"Sind, Pakistan, SE coast of India, Sri Lanka, S W-Bengal, SE Bangladesh, Baluchistan",N Holarctic
Phalaropus fulicarius,Red Phalarope,vagrant,"Calcutta, Bikaner (Rajasthan), Islamabad (Pakistan)","N Palearctic, W coast of S America, Africa"
Lanius collurio,Red-backed Shrike,sparse passage migrant,"Gilgit, Karachi, Pakistan, NW India, S Gujarat","W & C Palearctic, Africa"
Phaethon aethereus,Red-billed Tropicbird,vagrant,"Mekran coast (SW Pakisan), W Peninsula to SW coast of Sri Lanka, SE Maldives, Andamans, Bay of Bengal","Pelagic, Tropical seas, island of Arebia"
Ficedula parva,Red-breasted Flycatcher,widespread winter visitor,"Afghanistan (except mountains), Pakistan, Indus valley, S of Himalayas, NW & C India, NW Ghats, W Bengal, S India","W Palearctic, S Asia"
Branta ruficollis,Red-breasted Goose - vagrant,vagrant,"Madhya Pradesh, Assam","Siberia, SE Europe, SW Asia"
Mergus serrator,Red-breasted Merganser,vagrant,"NW & NE Afghanistan, Mekran coast to Karachi Harbour (Pakistan), N Baluchistan, S Indus valley","N Holarctic, SE Asia"
Netta rufina,Red-crested Pochard,widespread winter visitor,"NE & SW Afghanistan (Wakhan, Seistan), N plains from E Afghanistan to Assam valley, Bangladesh, Peninsula","S Palearctic, SE Asia"
Sula sula,Red-footed Booby,vagrant,"Islands of Chagos, Maldives, Lakshadweep, Sri Lanka, Bay of Bengal",all tropical seas
Emberiza bruniceps,Red-headed Bunting,widespread winter visitor,"NW & E Afghanistan, N Baluchistan, Peninsula, SE Sri Lanka, Afghanistan, Pakistan",C Asia
Rallina fasciata,Red-legged Crake,vagrant,N cachar (assam),"Myanmar to Indonesia, Philippines"
Podiceps grisegena,Red-necked Grebe,vagrant,"NW Asia, Iranian Seistan, NE Afghanistan (Kabul), N & C Pakistan, W India, W Gujarat, NW Himachal, W Gangetic plain, Assam","Holarctic, Caspian region"
Phalaropus lobatus,Red-necked Phalarope,widespread winter visitor,"coasts of Mekran & Sind (Pakistan), Gujarat coast, coast of SE India, Sri Lanka, Afghanistan, Pakistan, NW India, W Nepal, Bihar (Patna), S India, Rajasthan (Sambhar Lake)","N Holarctic, Africa, Arabian sea, Pacific Ocean"
Hirundo daurica,Red-rumped Swallow,widespread resident & winter visitor,"Afghanistan, hills of Baluchistan, Himalayas of Chitral to Bhutan, Peninsular hills, Sri Lanka, Lakshadweep, Kashmir, Himalayas from Murree hills to Arunachal, N plain, Rawalpindi, Andamans, Nicobar","S Palearctic, C Africa, E Asia, Africa to SE Asia"
Anthus cervinus,Red-throated Pipit,sparse passage migrant,"NE Afghanistan, Indus valley (Pakistan), Himalayas, NE India, Maldives, S Andamans, Narcondam, Nicobars (Comorta)","N Palearctic, Alaska, Paleotropics"
Emberiza schoeniclus,Reed Bunting,local resident & sparse winter visitor,"Afghanistan, Pakistan, NW India to delhi, Iranian Seistan",Palearctic
Anthus richardi,Richard's Pipit,widespread winter visitor,"Most of Subcontinent, Sri Lanka, Bangladesh, S Andamans, N plains, NW Peninsula","E Asia, Paleotropics"
Pericrocotus roseus,Rosy Minivet,local resident & sparse winter visitor,"Himalayas of NWFP, Duars, Assam valley, NE Ghats, W Khandesh (Maharashtra), S Assam hills, Bangladesh, Karachi, W Himalayas",S China to SE Asia
Sturnus roseus,Rosy Starling,widespread winter visitor & migrant,"NW Afghanistan, NW & S India, Sri Lanka, E & W Bengal, Andamans, NE & SE Bangladesh","E Europe, Middle East"
Tadorna ferruginea,Ruddy Shelduck,widespread winter visitor & local resident,"N Afghanistan, Chitral (Pakistan), Ladakh, N Nepal, Bhutan, Iraian Seistan, E Afghanistan, Indus valley, N plains to assam valley, Ganges Delta, Peninsular India, Sri Lanka, Lakshadweep, S Andaman","C Eurasia, SE Asia"
Arenaria interpres,Ruddy Turnstone,widespread winter visitor,"Coasts from Baluchistan to Sri Lanka, Bangladesh, Maldives, Lakshadweep, Chagos, Andamans (South, small islets, Narcondam), C & S NIcobars, EC & NE Afghanistan (Lake Ab-i-Estada, Kabul), Kashmir, Gangetic plains, S Assam hills (Cachar, Manipur)","N Holarctic, Tropics"
Philomachus pugnax,Ruff,sparse winter visitor,"Gangetic plains, coastal S India, Sri Lanka, Afghanistan, Pakistan, NW & W India, Nepal, Maldives","N Eurasia, Africa to Australia"
Ceyx rufidorsa,Rufous-backed Kingfisher,vagrant,Sikkim terai,"S SE Asia to Indonesia, Philippines"
Montifringilla ruficollis,Rufous-necked Snowfinch,sparse winter visitor,"Tibetian border in Himalayas of Nepal, N W Bengal (Darjeeling), Sikkim, E Ladakh","Tibet, China"
Calidris ruficollis,Rufous-necked Stint,sparse winter visitor,"S Sind, Sri Lanka, Orissa, Bangladesh, Chagos, Andamans, Nicobars","N Asia, Australia"
Prunella himalayana,Rufous-streaked Accentor,sparse winter visitor,"NE Afghanistan (Salang pass, Nuristan,Badakhshan), Kashmir, Himalayas of N Pakistan to Bhutan, Arunachal, NW India","SE Tibet, C Asia"
Monticola saxatilis,Rufous-tailed Rock-Thrush,sparse passage migrant,"NW & NE Afghanistan, N Baluchistan, Baltistan, Hunza, Pkistan, Ladakh","S Palearctic, Africa"
Lanius isabellinus,Rufous-tailed Shrike,widespread winter visitor,"N, C & S Afghanistan, Quetta (N Baluchistan), Pakistan, NW India, Maharashtra, Nepal, E Madhya Pradesh","W & C Asia to Mongolia, NE Africa to Middle East"
Oenanthe xanthoprymna,Rufous-tailed Wheatear,sparse winter visitor,"N, C & E Afghanistan, Pakistan (NW Baluchistan), S Afghanistan, Pakistan, W India (Rajasthan, Gujarat)",Middle East
Oenanthe xanthoprymna,Rufous-tailed Wheatear,sparse winter visitor,"N, C & E Afghanistan, Pakistan (NW Baluchistan), S Afghanistan, Pakistan, W India (Rajasthan, Gujarat)",Middle East
Falco cherrug,Saker Falcon,sparse winter visitor,"N Afghanistan, N & W Pakistan, Gujarat, Delhi, Ladakh, Baluchistan, Nepal, NC Bangladesh","E Europe to NE Asia, E Africa, EC Asia"
Calidris alba,Sanderling,widespread winter visitor,"Coasts from Baluchistan to Sri Lanka, Bangladesh, Maldives, Lakshadweep, Chagos, Car NIcobars, E Afghanistan (Lake Ab-i-Estada, Kabul), Kashmir, Panjab (Pakistan & India), E Nepal, Bihar (Patna)","N Holarctic, S Holarctic"
Sterna sandvicensis,Sandwich Tern,sparse winter visitor,"Coasts from Baluchistan to Gujarat, Goa to Sri Lanka, Panjab, coastal Orissa, Pakistan, Atlantic Ocean","Caribbean, Mediterranean, Black & Caspion seas"
Acrocephalus schoenobaenus,Sedge Warbler,vagrant,"Ladakh, Afghanistan, Baluchistan","W & C Palearctic, W Iran, Africa"
Asio flammeus,Short-eared Owl,winter visitor,"NW & SE Afghanistan, sub-Himalayan Pakistan, Kashmir, Ladakh, Sub-Himalayan plains of N India, Nepal to Assam valley, S Assam hills (Khasi hills, Cachar, E Meghalaya, Manipur), C & S Bangladesh, Peninsula, Maldives, NWFP, N Pakistan, Gilgit, Sri Lanka, Ho","S America, North of Equator"
Prunella montanella,Siberian Accentor,vagrant,Ladakh,NE Asia
Luscinia cyane,Siberian Blue Robin,vagrant,"Simla, C Uttaranchal, C Nepal, W Assam, W Arunachal, Manipur, S Andaman, Himalayas","NE Asia, SE Asia to W Indonesia"
Grus leucogeranus,Siberian Crane,rare winter visitor,"Keoladeo Ghana WLS (Bharatpur), N India, E Sind to Bihar, Lake Ab-i-Estada (E Afghanistan), Ladakh, N Pakistan, Iranian Seistan, W & EC Siberia, Caspian, Bharatpur",SE China
Luscinia calliope,Siberian Rubythroat,widespread winter visitor,"Himalayan foothills, Duars, E Uttaranchal, Assam valley, Assam hills, Bangladesh (Chittagongs), Rajasthan, Tamil Nadu","C & E palearctic, SE Asia"
Saxicola torquatus,Siberian Stonechat,local resident & widespread winter visitor,"C & NE Afghanistan, W & N Pakistan, Himalayas to Arunachal, S Assam hills (Assam & Nagaland), S Andamans","Eurasia, Africa"
Zoothera sibirica,Siberian Thrush,sparse winter visitor,"Manipur, Maharashtra, S Andaman, Narcondam","C & E Palearctic, W Indonesia"
Larus genei,Slender-billed Gull,widespread winter visitor,"SW & E Afghanistan ( Seistan, Lake Ab-i-Estada, Kabul), N Baluchistan, Pakistan coast (Mekran), Gujarat, W & SE Indian coast, Sri Lanka (Mannar), Indian Panjab to SE Nepal",Mediterranean sea to WC Asia
Montifringilla davidiana,Small Snowfinch,local resident & winter visitor,Sikkim,Mongolia
Sylvia minula,Small Whitethroat,sparse winter visitor,"S Himalayas of Pakishan, Indus Valley, NW India (Haryana to Gujarat), W & S Afghanistan, Sri Lanka",C Asia
Mergellus albellus,Smew,sparse winter visitor,"NW, NE & SE Afghanistan, Indus Valley, Gangetic plains, Assam valley, Cilka Lake (Orissa)","N Palearctic, S Palearctic, SE Asia"
Phylloscopus fuligiventer,Smoky Warbler,local resident & winter visitor,"Himalayas of Uttaranchal to Bhutan, Bharatpur to Nepal Terai, W Bengal, Assam, Duars, Bangladesh","S & SE Tibet, Myanmar"
Anser caerulescens,Snow Goose,vagrant,N Kathiyawar Peninsula (Gujarat),"N America, E Siberia, Japan"
Vanellus gregarius,Sociable Lapwing,sparse winter visitor,"Indus Valley, W India (Haryana to Bihar), S & E Maharashtra, N & W Afghanistan, N Baluchistan, N Pakistan, Himachal Pradesh, S tip of India, W coast of Sri Lanka, Maldives","SC Russia, Kazakhsta, NE Africa to S Asia"
Turdus philomelos,Song Thrush,vagrant,"S Pakistan, NW India (Ladakh, Bharatpur)",W Palearctic
Falco concolor,Sooty Falcon,sparse summer visitor,W Mekran coast (SW Pakistan),"NE Africa, Middle East, S Africa"
Larus hemprichii,Sooty Gull,vagrant,"Baluchistan to Sind coast (S Pakistan), Astola 1 island, Indus River, Karachi, Bombay, Maldives, Madras, Sri Lanka","E African coast, Middle East"
Catharacta maccormicki,South Polar Skua,vagrant,"W coast of Sri Lanka, Lakshadweep, Maldives, Sri Lanka","Antarctica, most Oceans"
Passer hispaniolensis,Spanish Sparrow,widespread winter visitor,"W, N & C Afghanistan, NW India (Haryana, Rajasthan to Gujarat), Pakistan (Panjab, Sind), E Nepal, SE Uttarpradesh, N Pakistan to Baluchistan",S Palearctic to C Asia
Eurynorhynchus pygmeus,Spoonbill Sandpiper,sparse winter visitor,"coastal Bangladesh, W Bengal, Kerala, Tamil Nadu (Point Calimere), Sri Lanka, Orissa (Chilka Lake), Calcutta, Assam valley, Maldives","NE Asia, SE Asia"
Anas poecilorhyncha,Spot-billed Duck,widespread resident,"Indus valley, N Baluchistan to Assam valley, S Assam hills, Bangladesh, Peninsula (Mannar), N Sri Lanka","S China, SE Asia"
Porzana porzana,Spotted Crake,common winter visitor,"NW & NC plains, Peninsula","W & C Palearctic, Africa, S Asia"
Muscicapa striata,Spotted Flycatcher,sparse passage migrant,"N & E Afghanistan, N Baluchistan, Himalayas in Chitral, Gilgit, Baltistan","Palearctic, Africa"
Tringa erythropus,Spotted Redshank,widespread winter visitor,"SW Afghanistan (Seistan), Indus Valley (Pakistan), N plain to Bihar, W Assam, Bangladesh, SW & N Gujarat, Madras, Sri Lanka, E Afghanistan, N Pakistan, NC Nepal","N Palearctic, Africa to SE Asia"
Pterocles senegallus,Spotted Sandgrouse,sparse winter visitor,"SW Afghanistan, Sind, Pakistan, W Rajasthan, NW India (Rajasthan, Gujarat)","N Africa, Middle East"
Aquila nipalensis,Steppe Eagle,widespread winter visitor,"E Afghanistan, N plains to Bhutan, Belgaum, C India, S Assam hills (E Meghalaya, Manipur), NW India","EC to NE Palearctic, Africa, SE Asia"
Calonectris leucomelas,Streaked Shearwater,Summer & Winter visitor,"coast of Sri lanka & extreme S India, NW Pacific, E Indian Ocean",Israel
Butorides striatus,Striated Heron,widespread resident,"along coasts & major River from Sind to Assam valley, S Assam hills, Bangladesh, Peninsula to Sri Lanka, Maldives, S & M Andamans, Car & C Nicobars, W Baluchistan, Lakshadweep",Almost cosmopolitan exept N America
Phylloscopus griseolus,Sulphur-bellied Warbler,local resident & common winter visitor,"EC & NE Afghanistan, Baluchistan, Safed Koh, Himalayas of N Pakistan from Chitral to N Himachal, C India (Madhya Pradesh), N W Ghats",C Asia
Anas albogularis,Sunda Teal,local resident & winter visitor,Andamans,"Coco islands, Myanmar"
Gallinago megala,Swinhoe's Snipe,sparse winter visitor,"Bombay, S India, Sri Lanka, Maldives, E Assam Valley, Nagaland, Calcutta, Nepal, Meghalaya, NE Bangladesh","N Asia, Australasia"
Oceanodroma monorhis,Swinhoe's Storm-Petrel,sparse winter visitor,"S coasts of Sri Lanka, Lakshadweep","NW Pcific, W Pacific to W Indian Ocean, W Europe"
Caprimulgus mahrattensis,Sykes's Nightjar,winter visitor,"SW Afghanistan (Seistan), Indus Valley (Pakistan), Mekran coast, W India, Delhi, N Madhya Pradesh, Bombay",SE Iran
Hippolais rama,Sykes's Warbler,widespread winter visitor,"Afghanistan, Pakistan (N Baluchistan, Sind, NWFP), NW India (Panjab), Subcontinent east to Bihar, S India to Sri Lanka, NW plains to Uttar Pradesh",WC Asia
Anthus campestris,Tawny Pipit,widespread winter visitor,"Afghanistan, Pakistan to S W Bengal, Peninsula, SE Sri Lanka, Assam","W Palearctic to C Asia, C Africa, Mddle East"
Tringa cinerea,Terek Sandpiper,widespread winter visitor,"coasts from Baluchistan to Sri Lanka, Bangladesh, Maldives, S & M Andamans, Nicobar (Car), Lakshadweep, NE Afghanistan, NW Himalayas to W Gangetic plains, Nepal","C & E Palearctic, Africa to Australasia"
Acrocephalus aedon,Thick-billed Warbler,sparse winter visitor,"Terai of Nepal, Duars of W Bengal, Assam, S Assam hills (Meghalaya, Manipur), E Bangladesh, Calcutta, SW to N Eastern Ghats, S Peninsula, W Ghats from S Goa, Andamans (South, Long, Narcondam), Nicobars (Camorta)","NE Asia, SE Asia"
Phylloscopus affinis,Tickell's Leaf-Warbler,widespread winter visitor,"Himalayas of N Pakistan to Bhutan, Sub-Himalaya plains, S W Bengal, E Peninsular India, SW Ghats, Assam valley, S Assam hills","Tibet, W China, Myanmar"
Anthus trivialis,Tree Pipit,local resident & widespread winter visitor,"Himalayas of N Pakistan, Kashmir, Lahul, C India, Peninsula, Maldives, Lakshadweep","Palearctic, Africa, Middle East"
Rhodopechys githaginea,Trumpeter Finch,sparse winter visitor,"Afghanistan, W & N Pakistan (Baluchistan, Sind, NWFP to Chithal), Mekran coast, W India (Rajasthan, Haryana, Gujarat)",N Africa to W Asia
Aythya fuligula,Tufted Duck,widespread winter visitor,"SW, SE & NE Afghanistan, Baluchistan, Indus valley, N plains to Assam valley, Peninsula, Sri Lanka, Maldives","Palearctic, C Africa, SE Asia"
Cygnus bewickii,Tundra Swan,vagrant,Winter vagrent to North West,Palearctic
Buteo hemilasius,Upland Buzzard,local resident & sparse winter visitor,"E Ladakh, Himalayas (E Kashmir, Nepal, Sikkim, Darjeeling, Delhi","Tibet, NE Asia, EC Asia"
Oenanthe picata,Variable Wheatear,widespread winter visitor,"Afghanistan, W & N Pakistan, Khashmir, S Afghanistan, E Pakistan, W India, W Nepal, W Madhya Pradesh, N Maharashtra, SW Asia",
Tichodroma muraria,Wallcreeper,local resident & widespread winter visitor,"Hills of NC & NE Afghanistan, Himalayas from N Pakistan, Gangetic plain, Meghalaya",Palearctic
Anthus spinoletta,Water Pipit,sparse winter visitor,"NE Afghanistan, Pakistan, NW India, Afghanistan","Palearctic, Africa to China"
Rallus aquaticus,Water Rail,"common winter visitor, some resident","SW, NW & NE Afghanistan, Baluchistan to Gilgit, Pakistan, W Uttaranchal, Rajastan","W & C Palearctic, N Africa to W S Asia"
Puffinus pacificus,Wedge-tailed Shearwater,sparse summer visitor,"Chagos, Maldives, Sri Lanka, Lakshadweep","WC Indian coast, Pacific, Indian Oceans"
Circus aeruginosus,Western Marsh Harrier,widespread winter visitor,"N Afghanistan, Sub-Himalayas from SE Afghanistan, Indus valley to Assam valley, S Assam hills (Meghalaya, Cachar, Manipur), Bangladesh, Peninsula, Sri Lanka, Maldives, S Andaman, Afghanistan, NW mountains, Ladakh, Lakshadweep","WC Palearctic, Africa, SE Asia"
Numenius phaeopus,Whimbrel,widespread winter visitor,"coast of India, Sri Lanka, Lakshadweep, Maldives, Chagos, Andamans (South, Middle & Viper 1), Nicobars, EC Afghanistan (Lake Ab-I-Estada), Baluchistan, Sind, Gilgit, Kashmir to Bhutan, W India, Gangetic plain to Assam","Holarctic, Temperate & Tropical zone"
Chlidonias hybridus,Whiskered Tern,widespread winter visitor & resident,"Kashmir, Gangetic plain, from Delhi to Bihar, N,SW & NE Afghanistan, Indus valley, Assam valley, Bangladesh, Assam, E & S Peninsula, Sri Lanka, Afghanistan, Baluchistan, Gilgit, Ladakh, NW India, Nepal","SW Palearctic, Africa to Australia"
Ciconia ciconia,White Stork,widespread winter visitor,"Gangetic plains, Gujarat, coasts of Peninsula, Sri Lanka, Afghanistan, Pakistan, NW India","Europe to C Asia, S Africa, Afica to W Asia"
Motacilla alba,White Wagtail,local resident & widespread winter visitor,"Hills of Afghanistan, Himalayas from N Pakistan to Arunachal, Indus plains, Sri Lanka, Andamans, Lakshadweep, N plains, S Assam hills","Palearctic, Alaska, SE Asia, Philippines"
Turdus kessleri,White-backed Thrush,vagrant,Himalayas of C Nepal to Bhutan,"S & E Tibet, W & C China"
Remiz coronatus,White-crowned Penduline-tit,rare winter visitor,"NE Afghanistan (Badakhshan), Pakistan, Indus valley, Afghanistan, Indian Panjab, Ladakh",C Asia
Butastur teesa,White-eyed Buzzard,widespread resident,"NE Afghanistan (Nuristan), NW Pakistan, NW Himalayas to Himachal, Sub-Himalayas from SW Baluchistan to W Bengal, NC Bangladesh, S Peninsula, S Assam hills","SE Iran to Myanmar, S Tibet"
Pelagodroma marina,White-faced Storm-Petrel,sparse summer visitor,"seas between Nicobars & S Sri Lanka to Lakshadweep, Maldives, Chagos","Pelagic, S oceans, N Atlantic"
Oxyura leucocephala,White-headed Duck,sparse winter visitor,"NW & NE Afghanistan, N Baluchistan, N Indus valley to Gangetic plain, Calcutta",SW & C Palearctic
Montifringilla taczanowskii,White-rumped Snowfinch,vagrant,"SE Ladakh, NW Nepal, Sikkim","Tibet, China"
Sturnus sinensis,White-shouldered Starling,vagrant,Manipur,"S China, SE Asia"
Haliaeetus albicilla,White-tailed Eagle,sparse winter visitor,"W Afghanistan (Seistan, Maimanah), W & S Pakistan, N sub-Himalayan region to Assam valley, NW Bangladesh","Palearctic, Middle East, SE Asia"
Phaethon lepturus,White-tailed Tropicbird,vagrant,"Maldives, Chagos, W & S coast of Sri Lanka, Andamans, Cachar",all tropical seas
Saxicola insignis,White-throated Bushchat,sparse winter visitor,"sub-Himalayan terai, Duars, Haryana to W Bengal, Assam valley","W Kazakhstan to Inner Mongolia, S Asia"
Chlidonias leucopterus,White-winged Tern,sparse winter visitor,"S India, Sri Lanka, Maldives, NE Afghanistan (Kabul), Indus valley, NW Himalayas, Nepal, Bangladesh, coasts of Peninsula, S Andaman","C Eurasia, Africa to Australia"
Cygnus cygnus,Whooper Swan,vagrant,NW India,"C & N Palearctic, S Palearctic"
Phylloscopus trochilus,Willow Warbler - vagrant,vagrant,Maldives,"Russian Turkestan, Iran, Iranian Balucistan, W Palearctic, tropical Africa"
Tringa glareola,Wood Sandpiper,widespread winter visitor,"S Afghanistan, Indus valley (Pakistan), Himalayas to Assam valley, S Assam hills (Meghalaya, Cacher), Bangladesh, Peninsula to Sri Lanka, Maldives, S Andamans, Lakshadweep, Chagos, Afghanistan, W & NW Pakistan, W & NW India, Nepal","Palearctic, Africa to Australasia"
Tringa glareola,Wood Sandpiper,widespread winter visitor,"S Afghanistan, Indus valley (Pakistan), Himalayas to Assam valley, S Assam hills (Meghalaya, Cacher), Bangladesh, Peninsula to Sri Lanka, Maldives, S Andamans, Lakshadweep, Chagos, Afghanistan, W & NW Pakistan, W & NW India, Nepal","Palearctic, Africa to Australasia"
Motacilla flava,Yellow Wagtail,widespread winter visitor,"N Afghanistan, N Panjab, Garo hills (W Meghalaya), NW India, W Nepal, NW Peninsula, Andamans, Nicobars, S India to Sri Lanka, Kashmir, Ladakh, Bhutan","Palearctic, Alaska, Africa to Australasia"
Emberiza aureola,Yellow-breasted Bunting,widespread winter visitor,"Himalayan foothills, C Nepal to Assam valley, S Assam hills(Meghalaya, Cacher, Manipur valley), Bangladesh (Sylhet), Pakistan (Baluchistan coast), C Nicobars","N Eurasia, SE Asia"
Emberiza citrinella,Yellowhammer - vagrant,vagrant,"N & E Afghanistan, Ladakh, W & C Nepal",W & C Eurasia
Ficedula zanthopygia,Yellow-rumped Flycatcher,vagrant,"C & SW India, Sri Lanka","NE Asia, SE Asia to W Indonesia"
